encoding;file_name;RMSE_norm;RMSE_ht_norm
regression_LSTM_FEATEXC-0_LLM-0;log_2016-2022_clean_5_eventi_LAVORI_P_11_F.csv;0.0315847754536812;
regression_LSTM_FEATEXC-0_LLM-0;log_2016-2022_clean_5_eventi_LAVORI_P_11_B.csv;0.0328550449734739;
regression_LSTM_FEATEXC-0_LLM-0;log_2016-2022_clean_5_eventi_LAVORI_P_11_I.csv;0.0349108013626481;
regression_LSTM_FEATEXC-0_LLM-0;log_2016-2022_clean_5_eventi_SERVIZI_P_11_B.csv;0.0358932741246095;
regression_LSTM_FEATEXC-0_LLM-0;log_2016-2022_clean_5_eventi_SERVIZI_P_11_F.csv;0.0371658332058385;
regression_LSTM_FEATEXC-0_LLM-0;log_2016-2022_clean_5_eventi_SERVIZI_P_9_F.csv;0.0380498742817661;
regression_LSTM_FEATEXC-0_LLM-0;log_2016-2022_clean_5_eventi_SERVIZI_P_11_I.csv;0.0381160100089332;
regression_LSTM_FEATEXC-0_LLM-0;log_2016-2022_clean_5_eventi_SERVIZI_P_9_B.csv;0.0386806024832154;
regression_LSTM_FEATEXC-0_LLM-0;log_2016-2022_clean_5_eventi_SERVIZI_P_9_I.csv;0.0398860694755091;
regression_LSTM_FEATEXC-0_LLM-0;log_2016-2022_clean_5_eventi_LAVORI_P_9_B.csv;0.0431679488202219;
regression_LSTM_FEATEXC-0_LLM-0;log_2016-2022_clean_5_eventi_SERVIZI_P_7_F.csv;0.0434364001819407;
regression_LSTM_FEATEXC-0_LLM-0;log_2016-2022_clean_5_eventi_LAVORI_P_9_F.csv;0.0434659324574214;
regression_LSTM_FEATEXC-0_LLM-0;log_2016-2022_clean_5_eventi_SERVIZI_P_7_B.csv;0.0439466034861169;
regression_LSTM_FEATEXC-0_LLM-0;log_2016-2022_clean_5_eventi_SERVIZI_P_7_I.csv;0.0442827246610044;
regression_LSTM_FEATEXC-0_LLM-0;log_2016-2022_clean_5_eventi_LAVORI_P_9_I.csv;0.0472173649083073;
regression_LSTM_FEATEXC-0_LLM-0;log_2016-2022_clean_5_eventi_LAVORI_P_7_B.csv;0.0533748579523257;
regression_LSTM_FEATEXC-0_LLM-0;log_2016-2022_clean_5_eventi_LAVORI_P_7_F.csv;0.0538206352951323;
regression_LSTM_FEATEXC-0_LLM-0;log_2016-2022_clean_5_eventi_LAVORI_P_7_I.csv;0.0560725136785563;
regression_LSTM_FEATEXC-0_LLM-0;log_2016-2022_clean_5_eventi_SERVIZI_P_5_B.csv;0.0583640041649158;
regression_LSTM_FEATEXC-0_LLM-0;log_2016-2022_clean_5_eventi_SERVIZI_P_5_F.csv;0.0586836311311497;
regression_LSTM_FEATEXC-0_LLM-0;log_2016-2022_clean_5_eventi_SERVIZI_P_5_I.csv;0.0594573531363355;
regression_LSTM_FEATEXC-0_LLM-0;log_2016-2022_clean_5_eventi_LAVORI_P_5_F.csv;0.0679579437189458;
regression_LSTM_FEATEXC-0_LLM-0;log_2016-2022_clean_5_eventi_LAVORI_P_5_B.csv;0.0682547366082476;
regression_LSTM_FEATEXC-0_LLM-0;log_2016-2022_clean_5_eventi_LAVORI_P_5_I.csv;0.0706190640820822;
regression_LSTM_FEATEXC-0_LLM-0;log_2016-2022_clean_5_eventi_LAVORI_P_3_I.csv;0.0916999849082871;
regression_LSTM_FEATEXC-0_LLM-0;log_2016-2022_clean_5_eventi_LAVORI_P_3_B.csv;0.0918304164614801;
regression_LSTM_FEATEXC-0_LLM-0;log_2016-2022_clean_5_eventi_LAVORI_P_3_F.csv;0.0921245245155927;
regression_LSTM_FEATEXC-0_LLM-0;log_2016-2022_clean_5_eventi_FORNITURE_P_11_F.csv;0.0933700400208301;
regression_LSTM_FEATEXC-0_LLM-0;log_2016-2022_clean_5_eventi_FORNITURE_P_9_F.csv;0.0951339420227278;
regression_LSTM_FEATEXC-0_LLM-0;log_2016-2022_clean_5_eventi_FORNITURE_P_11_B.csv;0.0963963289289719;
regression_LSTM_FEATEXC-0_LLM-0;log_2016-2022_clean_5_eventi_FORNITURE_P_9_B.csv;0.0969562575461764;
regression_LSTM_FEATEXC-0_LLM-0;log_2016-2022_clean_5_eventi_FORNITURE_P_7_I.csv;0.099330782324856;
regression_LSTM_FEATEXC-0_LLM-0;log_2016-2022_clean_5_eventi_SERVIZI_P_3_B.csv;0.0994651832417439;
regression_LSTM_FEATEXC-0_LLM-0;log_2016-2022_clean_5_eventi_SERVIZI_P_3_I.csv;0.1002745100163528;
regression_LSTM_FEATEXC-0_LLM-0;log_2016-2022_clean_5_eventi_SERVIZI_P_3_F.csv;0.1003020721776913;
regression_LSTM_FEATEXC-0_LLM-0;log_2016-2022_clean_5_eventi_FORNITURE_P_7_B.csv;0.1006895679853255;
regression_LSTM_FEATEXC-0_LLM-0;log_2016-2022_clean_5_eventi_FORNITURE_P_9_I.csv;0.1008422585944604;
regression_LSTM_FEATEXC-0_LLM-0;log_2016-2022_clean_5_eventi_FORNITURE_P_7_F.csv;0.1035750075793673;
regression_LSTM_FEATEXC-0_LLM-0;log_2016-2022_clean_5_eventi_LAVORI_P_1_I.csv;0.1065506445268236;
regression_LSTM_FEATEXC-0_LLM-0;log_2016-2022_clean_5_eventi_LAVORI_P_1_B.csv;0.1069975909699458;
regression_LSTM_FEATEXC-0_LLM-0;log_2016-2022_clean_5_eventi_FORNITURE_P_11_I.csv;0.1074816721965571;
regression_LSTM_FEATEXC-0_LLM-0;log_2016-2022_clean_5_eventi_LAVORI_P_1_F.csv;0.1075786879535158;
regression_LSTM_FEATEXC-0_LLM-0;log_2016-2022_clean_5_eventi_SERVIZI_P_1_B.csv;0.1108998053995505;
regression_LSTM_FEATEXC-0_LLM-0;log_2016-2022_clean_5_eventi_SERVIZI_P_1_F.csv;0.1114389927708816;
regression_LSTM_FEATEXC-0_LLM-0;log_2016-2022_clean_5_eventi_FORNITURE_P_5_I.csv;0.1137789231882158;
regression_LSTM_FEATEXC-0_LLM-0;log_2016-2022_clean_5_eventi_SERVIZI_P_1_I.csv;0.1144239321998439;
regression_LSTM_FEATEXC-0_LLM-0;log_2016-2022_clean_5_eventi_FORNITURE_P_5_F.csv;0.1152765481748435;
regression_LSTM_FEATEXC-0_LLM-0;log_2016-2022_clean_5_eventi_FORNITURE_P_5_B.csv;0.1228551948196846;
regression_LSTM_FEATEXC-0_LLM-0;log_2016-2022_clean_5_eventi_FORNITURE_P_3_F.csv;0.1776465591087984;
regression_LSTM_FEATEXC-0_LLM-0;log_2016-2022_clean_5_eventi_FORNITURE_P_3_B.csv;0.1808149136492093;
regression_LSTM_FEATEXC-0_LLM-0;log_2016-2022_clean_5_eventi_FORNITURE_P_1_I.csv;0.1849286837460904;
regression_LSTM_FEATEXC-0_LLM-0;log_2016-2022_clean_5_eventi_FORNITURE_P_1_B.csv;0.1859988020953377;
regression_LSTM_FEATEXC-0_LLM-0;log_2016-2022_clean_5_eventi_FORNITURE_P_1_F.csv;0.1875885728356561;
regression_LSTM_FEATEXC-0_LLM-0;log_2016-2022_clean_5_eventi_FORNITURE_P_3_I.csv;0.1876064059729079;
regression_LSTM_FEATEXC-0_LLM-1;log_2016-2022_clean_5_eventi_LAVORI_P_11_F.csv;0.0312789066372191;
regression_LSTM_FEATEXC-0_LLM-1;log_2016-2022_clean_5_eventi_LAVORI_P_11_B.csv;0.0318325589307167;
regression_LSTM_FEATEXC-0_LLM-1;log_2016-2022_clean_5_eventi_SERVIZI_P_11_B.csv;0.0349715764582826;
regression_LSTM_FEATEXC-0_LLM-1;log_2016-2022_clean_5_eventi_SERVIZI_P_11_F.csv;0.0355595271236315;
regression_LSTM_FEATEXC-0_LLM-1;log_2016-2022_clean_5_eventi_SERVIZI_P_11_I.csv;0.0355856137505874;
regression_LSTM_FEATEXC-0_LLM-1;log_2016-2022_clean_5_eventi_LAVORI_P_11_I.csv;0.0368263684292954;
regression_LSTM_FEATEXC-0_LLM-1;log_2016-2022_clean_5_eventi_SERVIZI_P_9_F.csv;0.038301160617222;
regression_LSTM_FEATEXC-0_LLM-1;log_2016-2022_clean_5_eventi_SERVIZI_P_9_B.csv;0.0383856546203769;
regression_LSTM_FEATEXC-0_LLM-1;log_2016-2022_clean_5_eventi_SERVIZI_P_9_I.csv;0.0391391222157455;
regression_LSTM_FEATEXC-0_LLM-1;log_2016-2022_clean_5_eventi_SERVIZI_P_7_F.csv;0.0433242442744046;
regression_LSTM_FEATEXC-0_LLM-1;log_2016-2022_clean_5_eventi_LAVORI_P_9_B.csv;0.0434360832797238;
regression_LSTM_FEATEXC-0_LLM-1;log_2016-2022_clean_5_eventi_SERVIZI_P_7_I.csv;0.0442611986646159;
regression_LSTM_FEATEXC-0_LLM-1;log_2016-2022_clean_5_eventi_SERVIZI_P_7_B.csv;0.0442783620952779;
regression_LSTM_FEATEXC-0_LLM-1;log_2016-2022_clean_5_eventi_LAVORI_P_9_F.csv;0.0445635439117018;
regression_LSTM_FEATEXC-0_LLM-1;log_2016-2022_clean_5_eventi_LAVORI_P_9_I.csv;0.0465314219401607;
regression_LSTM_FEATEXC-0_LLM-1;log_2016-2022_clean_5_eventi_LAVORI_P_7_F.csv;0.0538124744018365;
regression_LSTM_FEATEXC-0_LLM-1;log_2016-2022_clean_5_eventi_LAVORI_P_7_B.csv;0.053985466861386;
regression_LSTM_FEATEXC-0_LLM-1;log_2016-2022_clean_5_eventi_LAVORI_P_7_I.csv;0.0562908478521524;
regression_LSTM_FEATEXC-0_LLM-1;log_2016-2022_clean_5_eventi_SERVIZI_P_5_I.csv;0.0590973494904917;
regression_LSTM_FEATEXC-0_LLM-1;log_2016-2022_clean_5_eventi_SERVIZI_P_5_B.csv;0.059447233723058;
regression_LSTM_FEATEXC-0_LLM-1;log_2016-2022_clean_5_eventi_SERVIZI_P_5_F.csv;0.0605074976939405;
regression_LSTM_FEATEXC-0_LLM-1;log_2016-2022_clean_5_eventi_LAVORI_P_5_B.csv;0.0677029283413529;
regression_LSTM_FEATEXC-0_LLM-1;log_2016-2022_clean_5_eventi_LAVORI_P_5_F.csv;0.0686447730125494;
regression_LSTM_FEATEXC-0_LLM-1;log_2016-2022_clean_5_eventi_LAVORI_P_5_I.csv;0.0701809787946053;
regression_LSTM_FEATEXC-0_LLM-1;log_2016-2022_clean_5_eventi_LAVORI_P_3_B.csv;0.0918084753090751;
regression_LSTM_FEATEXC-0_LLM-1;log_2016-2022_clean_5_eventi_LAVORI_P_3_F.csv;0.0921918544641452;
regression_LSTM_FEATEXC-0_LLM-1;log_2016-2022_clean_5_eventi_LAVORI_P_3_I.csv;0.0923976431871276;
regression_LSTM_FEATEXC-0_LLM-1;log_2016-2022_clean_5_eventi_FORNITURE_P_11_F.csv;0.0942352776859866;
regression_LSTM_FEATEXC-0_LLM-1;log_2016-2022_clean_5_eventi_FORNITURE_P_11_B.csv;0.0943354983918919;
regression_LSTM_FEATEXC-0_LLM-1;log_2016-2022_clean_5_eventi_FORNITURE_P_9_F.csv;0.094814654708061;
regression_LSTM_FEATEXC-0_LLM-1;log_2016-2022_clean_5_eventi_FORNITURE_P_9_B.csv;0.0969298119613921;
regression_LSTM_FEATEXC-0_LLM-1;log_2016-2022_clean_5_eventi_SERVIZI_P_3_I.csv;0.0978580309828087;
regression_LSTM_FEATEXC-0_LLM-1;log_2016-2022_clean_5_eventi_SERVIZI_P_3_F.csv;0.0983623671397548;
regression_LSTM_FEATEXC-0_LLM-1;log_2016-2022_clean_5_eventi_FORNITURE_P_7_F.csv;0.0999801555437654;
regression_LSTM_FEATEXC-0_LLM-1;log_2016-2022_clean_5_eventi_SERVIZI_P_3_B.csv;0.1005340094002395;
regression_LSTM_FEATEXC-0_LLM-1;log_2016-2022_clean_5_eventi_FORNITURE_P_9_I.csv;0.1006134651310797;
regression_LSTM_FEATEXC-0_LLM-1;log_2016-2022_clean_5_eventi_FORNITURE_P_11_I.csv;0.1008549054689193;
regression_LSTM_FEATEXC-0_LLM-1;log_2016-2022_clean_5_eventi_FORNITURE_P_7_I.csv;0.1017122535646192;
regression_LSTM_FEATEXC-0_LLM-1;log_2016-2022_clean_5_eventi_FORNITURE_P_7_B.csv;0.1018109869688137;
regression_LSTM_FEATEXC-0_LLM-1;log_2016-2022_clean_5_eventi_LAVORI_P_1_F.csv;0.1067062519187084;
regression_LSTM_FEATEXC-0_LLM-1;log_2016-2022_clean_5_eventi_LAVORI_P_1_B.csv;0.1067287120094324;
regression_LSTM_FEATEXC-0_LLM-1;log_2016-2022_clean_5_eventi_LAVORI_P_1_I.csv;0.1068202452879092;
regression_LSTM_FEATEXC-0_LLM-1;log_2016-2022_clean_5_eventi_SERVIZI_P_1_F.csv;0.1086276495207184;
regression_LSTM_FEATEXC-0_LLM-1;log_2016-2022_clean_5_eventi_SERVIZI_P_1_I.csv;0.1117011798916224;
regression_LSTM_FEATEXC-0_LLM-1;log_2016-2022_clean_5_eventi_SERVIZI_P_1_B.csv;0.1137917366406774;
regression_LSTM_FEATEXC-0_LLM-1;log_2016-2022_clean_5_eventi_FORNITURE_P_5_F.csv;0.1139776549791203;
regression_LSTM_FEATEXC-0_LLM-1;log_2016-2022_clean_5_eventi_FORNITURE_P_5_B.csv;0.1160359164608281;
regression_LSTM_FEATEXC-0_LLM-1;log_2016-2022_clean_5_eventi_FORNITURE_P_5_I.csv;0.117104012707685;
regression_LSTM_FEATEXC-0_LLM-1;log_2016-2022_clean_5_eventi_FORNITURE_P_3_I.csv;0.1777505894462175;
regression_LSTM_FEATEXC-0_LLM-1;log_2016-2022_clean_5_eventi_FORNITURE_P_1_B.csv;0.1796030592672882;
regression_LSTM_FEATEXC-0_LLM-1;log_2016-2022_clean_5_eventi_FORNITURE_P_3_B.csv;0.1802748820899949;
regression_LSTM_FEATEXC-0_LLM-1;log_2016-2022_clean_5_eventi_FORNITURE_P_1_F.csv;0.1815364488240568;
regression_LSTM_FEATEXC-0_LLM-1;log_2016-2022_clean_5_eventi_FORNITURE_P_3_F.csv;0.1820123400064567;
regression_LSTM_FEATEXC-0_LLM-1;log_2016-2022_clean_5_eventi_FORNITURE_P_1_I.csv;0.1848271813882003;
regression_LSTM_FEATEXC-1_LLM-0;log_2016-2022_clean_5_eventi_SERVIZI_P_11_B.csv;0.0341746346668839;
regression_LSTM_FEATEXC-1_LLM-0;log_2016-2022_clean_5_eventi_LAVORI_P_11_B.csv;0.0342901756524358;
regression_LSTM_FEATEXC-1_LLM-0;log_2016-2022_clean_5_eventi_SERVIZI_P_11_F.csv;0.0346136270916152;
regression_LSTM_FEATEXC-1_LLM-0;log_2016-2022_clean_5_eventi_LAVORI_P_11_F.csv;0.0350597732738778;
regression_LSTM_FEATEXC-1_LLM-0;log_2016-2022_clean_5_eventi_LAVORI_P_11_I.csv;0.0368621061137218;
regression_LSTM_FEATEXC-1_LLM-0;log_2016-2022_clean_5_eventi_SERVIZI_P_11_I.csv;0.0371621562851635;
regression_LSTM_FEATEXC-1_LLM-0;log_2016-2022_clean_5_eventi_SERVIZI_P_9_F.csv;0.0372626651301137;
regression_LSTM_FEATEXC-1_LLM-0;log_2016-2022_clean_5_eventi_SERVIZI_P_9_B.csv;0.0388174581476415;
regression_LSTM_FEATEXC-1_LLM-0;log_2016-2022_clean_5_eventi_SERVIZI_P_9_I.csv;0.0392231311028525;
regression_LSTM_FEATEXC-1_LLM-0;log_2016-2022_clean_5_eventi_SERVIZI_P_7_F.csv;0.0418072972113593;
regression_LSTM_FEATEXC-1_LLM-0;log_2016-2022_clean_5_eventi_SERVIZI_P_7_B.csv;0.0437307106811072;
regression_LSTM_FEATEXC-1_LLM-0;log_2016-2022_clean_5_eventi_SERVIZI_P_7_I.csv;0.0439574069293792;
regression_LSTM_FEATEXC-1_LLM-0;log_2016-2022_clean_5_eventi_LAVORI_P_9_B.csv;0.0451743041828959;
regression_LSTM_FEATEXC-1_LLM-0;log_2016-2022_clean_5_eventi_LAVORI_P_9_F.csv;0.0455211270012232;
regression_LSTM_FEATEXC-1_LLM-0;log_2016-2022_clean_5_eventi_LAVORI_P_9_I.csv;0.0484148405005611;
regression_LSTM_FEATEXC-1_LLM-0;log_2016-2022_clean_5_eventi_LAVORI_P_7_F.csv;0.0567048594307395;
regression_LSTM_FEATEXC-1_LLM-0;log_2016-2022_clean_5_eventi_SERVIZI_P_5_I.csv;0.0570566516990877;
regression_LSTM_FEATEXC-1_LLM-0;log_2016-2022_clean_5_eventi_LAVORI_P_7_B.csv;0.0582135351878931;
regression_LSTM_FEATEXC-1_LLM-0;log_2016-2022_clean_5_eventi_SERVIZI_P_5_F.csv;0.0586456222797088;
regression_LSTM_FEATEXC-1_LLM-0;log_2016-2022_clean_5_eventi_LAVORI_P_7_I.csv;0.0598517336614446;
regression_LSTM_FEATEXC-1_LLM-0;log_2016-2022_clean_5_eventi_SERVIZI_P_5_B.csv;0.0602521007637851;
regression_LSTM_FEATEXC-1_LLM-0;log_2016-2022_clean_5_eventi_LAVORI_P_5_B.csv;0.0729948352556128;
regression_LSTM_FEATEXC-1_LLM-0;log_2016-2022_clean_5_eventi_LAVORI_P_5_F.csv;0.0730573509560158;
regression_LSTM_FEATEXC-1_LLM-0;log_2016-2022_clean_5_eventi_LAVORI_P_5_I.csv;0.0748016938992857;
regression_LSTM_FEATEXC-1_LLM-0;log_2016-2022_clean_5_eventi_FORNITURE_P_11_F.csv;0.0934696208494323;
regression_LSTM_FEATEXC-1_LLM-0;log_2016-2022_clean_5_eventi_FORNITURE_P_9_F.csv;0.094940920860299;
regression_LSTM_FEATEXC-1_LLM-0;log_2016-2022_clean_5_eventi_FORNITURE_P_11_B.csv;0.096376156315328;
regression_LSTM_FEATEXC-1_LLM-0;log_2016-2022_clean_5_eventi_FORNITURE_P_9_B.csv;0.0963922176289498;
regression_LSTM_FEATEXC-1_LLM-0;log_2016-2022_clean_5_eventi_FORNITURE_P_9_I.csv;0.0993011001089035;
regression_LSTM_FEATEXC-1_LLM-0;log_2016-2022_clean_5_eventi_SERVIZI_P_3_B.csv;0.0999541394333057;
regression_LSTM_FEATEXC-1_LLM-0;log_2016-2022_clean_5_eventi_SERVIZI_P_3_F.csv;0.100148762422121;
regression_LSTM_FEATEXC-1_LLM-0;log_2016-2022_clean_5_eventi_SERVIZI_P_3_I.csv;0.1002711358080463;
regression_LSTM_FEATEXC-1_LLM-0;log_2016-2022_clean_5_eventi_LAVORI_P_3_I.csv;0.1012097343375049;
regression_LSTM_FEATEXC-1_LLM-0;log_2016-2022_clean_5_eventi_LAVORI_P_3_B.csv;0.1012851538991702;
regression_LSTM_FEATEXC-1_LLM-0;log_2016-2022_clean_5_eventi_LAVORI_P_3_F.csv;0.1013591716463411;
regression_LSTM_FEATEXC-1_LLM-0;log_2016-2022_clean_5_eventi_FORNITURE_P_7_F.csv;0.1016666427406153;
regression_LSTM_FEATEXC-1_LLM-0;log_2016-2022_clean_5_eventi_FORNITURE_P_11_I.csv;0.1017552322555369;
regression_LSTM_FEATEXC-1_LLM-0;log_2016-2022_clean_5_eventi_FORNITURE_P_7_I.csv;0.1029436423491729;
regression_LSTM_FEATEXC-1_LLM-0;log_2016-2022_clean_5_eventi_FORNITURE_P_7_B.csv;0.1040208063611636;
regression_LSTM_FEATEXC-1_LLM-0;log_2016-2022_clean_5_eventi_FORNITURE_P_5_I.csv;0.1127233993098677;
regression_LSTM_FEATEXC-1_LLM-0;log_2016-2022_clean_5_eventi_FORNITURE_P_5_F.csv;0.1145479482088632;
regression_LSTM_FEATEXC-1_LLM-0;log_2016-2022_clean_5_eventi_SERVIZI_P_1_I.csv;0.1145655251500781;
regression_LSTM_FEATEXC-1_LLM-0;log_2016-2022_clean_5_eventi_FORNITURE_P_5_B.csv;0.1147259619010961;
regression_LSTM_FEATEXC-1_LLM-0;log_2016-2022_clean_5_eventi_SERVIZI_P_1_B.csv;0.1148116787976383;
regression_LSTM_FEATEXC-1_LLM-0;log_2016-2022_clean_5_eventi_SERVIZI_P_1_F.csv;0.1162428656788451;
regression_LSTM_FEATEXC-1_LLM-0;log_2016-2022_clean_5_eventi_LAVORI_P_1_F.csv;0.1245667535983525;
regression_LSTM_FEATEXC-1_LLM-0;log_2016-2022_clean_5_eventi_LAVORI_P_1_I.csv;0.1246040717444848;
regression_LSTM_FEATEXC-1_LLM-0;log_2016-2022_clean_5_eventi_LAVORI_P_1_B.csv;0.124641507552844;
regression_LSTM_FEATEXC-1_LLM-0;log_2016-2022_clean_5_eventi_FORNITURE_P_3_I.csv;0.1804947584608679;
regression_LSTM_FEATEXC-1_LLM-0;log_2016-2022_clean_5_eventi_FORNITURE_P_3_B.csv;0.1819809771577451;
regression_LSTM_FEATEXC-1_LLM-0;log_2016-2022_clean_5_eventi_FORNITURE_P_3_F.csv;0.1850746754205788;
regression_LSTM_FEATEXC-1_LLM-0;log_2016-2022_clean_5_eventi_FORNITURE_P_1_I.csv;0.1883808032485933;
regression_LSTM_FEATEXC-1_LLM-0;log_2016-2022_clean_5_eventi_FORNITURE_P_1_B.csv;0.1901433608907717;
regression_LSTM_FEATEXC-1_LLM-0;log_2016-2022_clean_5_eventi_FORNITURE_P_1_F.csv;0.1937139617494666;
regression_RFR_FEATEXC-0_LLM-0;log_2016-2022_clean_5_eventi_LAVORI_P_11_F.csv;;0.0398410371550582
regression_RFR_FEATEXC-0_LLM-0;log_2016-2022_clean_5_eventi_LAVORI_P_11_B.csv;;0.0363987544073261
regression_RFR_FEATEXC-0_LLM-0;log_2016-2022_clean_5_eventi_LAVORI_P_9_F.csv;;0.0425601366273761
regression_RFR_FEATEXC-0_LLM-0;log_2016-2022_clean_5_eventi_LAVORI_P_9_B.csv;;0.044537223054233
regression_RFR_FEATEXC-0_LLM-0;log_2016-2022_clean_5_eventi_FORNITURE_P_11_F.csv;;0.0445060838275745
regression_RFR_FEATEXC-0_LLM-0;log_2016-2022_clean_5_eventi_LAVORI_P_11_I.csv;;0.0452545120255645
regression_RFR_FEATEXC-0_LLM-0;log_2016-2022_clean_5_eventi_SERVIZI_P_11_B.csv;;0.0477333755018733
regression_RFR_FEATEXC-0_LLM-0;log_2016-2022_clean_5_eventi_FORNITURE_P_9_B.csv;;0.0458059297404452
regression_RFR_FEATEXC-0_LLM-0;log_2016-2022_clean_5_eventi_LAVORI_P_9_I.csv;;0.0519146102921127
regression_RFR_FEATEXC-0_LLM-0;log_2016-2022_clean_5_eventi_LAVORI_P_7_B.csv;;0.0599924688536727
regression_RFR_FEATEXC-0_LLM-0;log_2016-2022_clean_5_eventi_LAVORI_P_7_F.csv;;0.0321160999715619
regression_RFR_FEATEXC-0_LLM-0;log_2016-2022_clean_5_eventi_FORNITURE_P_9_F.csv;;0.0503426481045381
regression_RFR_FEATEXC-0_LLM-0;log_2016-2022_clean_5_eventi_SERVIZI_P_11_F.csv;;0.0557758965539985
regression_RFR_FEATEXC-0_LLM-0;log_2016-2022_clean_5_eventi_FORNITURE_P_9_I.csv;;0.0520507609825191
regression_RFR_FEATEXC-0_LLM-0;log_2016-2022_clean_5_eventi_FORNITURE_P_11_I.csv;;0.0577428496869641
regression_RFR_FEATEXC-0_LLM-0;log_2016-2022_clean_5_eventi_LAVORI_P_7_I.csv;;0.0602638339552197
regression_RFR_FEATEXC-0_LLM-0;log_2016-2022_clean_5_eventi_SERVIZI_P_9_B.csv;;0.0560545303152079
regression_RFR_FEATEXC-0_LLM-0;log_2016-2022_clean_5_eventi_FORNITURE_P_7_I.csv;;0.0672129994299376
regression_RFR_FEATEXC-0_LLM-0;log_2016-2022_clean_5_eventi_FORNITURE_P_5_B.csv;;0.0728101318445423
regression_RFR_FEATEXC-0_LLM-0;log_2016-2022_clean_5_eventi_SERVIZI_P_9_F.csv;;0.0638387779516399
regression_RFR_FEATEXC-0_LLM-0;log_2016-2022_clean_5_eventi_LAVORI_P_5_F.csv;;0.0645918192878023
regression_RFR_FEATEXC-0_LLM-0;log_2016-2022_clean_5_eventi_FORNITURE_P_7_F.csv;;0.0591828071444141
regression_RFR_FEATEXC-0_LLM-0;log_2016-2022_clean_5_eventi_LAVORI_P_5_I.csv;;0.0672041508937146
regression_RFR_FEATEXC-0_LLM-0;log_2016-2022_clean_5_eventi_LAVORI_P_5_B.csv;;0.0405267950438886
regression_RFR_FEATEXC-0_LLM-0;log_2016-2022_clean_5_eventi_FORNITURE_P_11_B.csv;;0.0640657581094354
regression_RFR_FEATEXC-0_LLM-0;log_2016-2022_clean_5_eventi_FORNITURE_P_7_B.csv;;0.0652025555622078
regression_RFR_FEATEXC-0_LLM-0;log_2016-2022_clean_5_eventi_SERVIZI_P_7_B.csv;;0.0724636075488829
regression_RFR_FEATEXC-0_LLM-0;log_2016-2022_clean_5_eventi_SERVIZI_P_9_I.csv;;0.0678204487313911
regression_RFR_FEATEXC-0_LLM-0;log_2016-2022_clean_5_eventi_SERVIZI_P_7_F.csv;;0.0750563947214322
regression_RFR_FEATEXC-0_LLM-0;log_2016-2022_clean_5_eventi_FORNITURE_P_5_F.csv;;0.0781375348731583
regression_RFR_FEATEXC-0_LLM-0;log_2016-2022_clean_5_eventi_LAVORI_P_3_B.csv;;0.0969699874340387
regression_RFR_FEATEXC-0_LLM-0;log_2016-2022_clean_5_eventi_SERVIZI_P_11_I.csv;;0.0507880073467813
regression_RFR_FEATEXC-0_LLM-0;log_2016-2022_clean_5_eventi_LAVORI_P_3_F.csv;;0.0929572941304009
regression_RFR_FEATEXC-0_LLM-0;log_2016-2022_clean_5_eventi_FORNITURE_P_5_I.csv;;0.08799198037094
regression_RFR_FEATEXC-0_LLM-0;log_2016-2022_clean_5_eventi_LAVORI_P_3_I.csv;;0.0906150011761911
regression_RFR_FEATEXC-0_LLM-0;log_2016-2022_clean_5_eventi_SERVIZI_P_5_F.csv;;0.0839044747802341
regression_RFR_FEATEXC-0_LLM-0;log_2016-2022_clean_5_eventi_SERVIZI_P_5_B.csv;;0.0957479117665172
regression_RFR_FEATEXC-0_LLM-0;log_2016-2022_clean_5_eventi_SERVIZI_P_7_I.csv;;0.0546876308901405
regression_RFR_FEATEXC-0_LLM-0;log_2016-2022_clean_5_eventi_SERVIZI_P_5_I.csv;;0.0951401123287452
regression_RFR_FEATEXC-0_LLM-0;log_2016-2022_clean_5_eventi_LAVORI_P_1_B.csv;;0.099990627581218
regression_RFR_FEATEXC-0_LLM-0;log_2016-2022_clean_5_eventi_LAVORI_P_1_F.csv;;0.0609658603197157
regression_RFR_FEATEXC-0_LLM-0;log_2016-2022_clean_5_eventi_LAVORI_P_1_I.csv;;0.0620770076824909
regression_RFR_FEATEXC-0_LLM-0;log_2016-2022_clean_5_eventi_FORNITURE_P_3_B.csv;;0.1961472643020893
regression_RFR_FEATEXC-0_LLM-0;log_2016-2022_clean_5_eventi_SERVIZI_P_3_I.csv;;0.1459368860717851
regression_RFR_FEATEXC-0_LLM-0;log_2016-2022_clean_5_eventi_SERVIZI_P_3_F.csv;;0.1413530557011203
regression_RFR_FEATEXC-0_LLM-0;log_2016-2022_clean_5_eventi_SERVIZI_P_3_B.csv;;0.1528632356103555
regression_RFR_FEATEXC-0_LLM-0;log_2016-2022_clean_5_eventi_FORNITURE_P_1_B.csv;;0.1772299860732665
regression_RFR_FEATEXC-0_LLM-0;log_2016-2022_clean_5_eventi_FORNITURE_P_1_F.csv;;0.1493882078038443
regression_RFR_FEATEXC-0_LLM-0;log_2016-2022_clean_5_eventi_FORNITURE_P_3_I.csv;;0.1519382305904795
regression_RFR_FEATEXC-0_LLM-0;log_2016-2022_clean_5_eventi_FORNITURE_P_3_F.csv;;0.1467975436203088
regression_RFR_FEATEXC-0_LLM-0;log_2016-2022_clean_5_eventi_SERVIZI_P_1_B.csv;;0.1659750368302825
regression_RFR_FEATEXC-0_LLM-0;log_2016-2022_clean_5_eventi_SERVIZI_P_1_I.csv;;0.1674423477830665
regression_RFR_FEATEXC-0_LLM-0;log_2016-2022_clean_5_eventi_FORNITURE_P_1_I.csv;;0.1671662348394092
regression_RFR_FEATEXC-0_LLM-0;log_2016-2022_clean_5_eventi_SERVIZI_P_1_F.csv;;0.1057166079716392
regression_RFR_FEATEXC-0_LLM-1;log_2016-2022_clean_5_eventi_LAVORI_P_11_B.csv;;0.0413620061660229
regression_RFR_FEATEXC-0_LLM-1;log_2016-2022_clean_5_eventi_LAVORI_P_11_F.csv;;0.0382768500430676
regression_RFR_FEATEXC-0_LLM-1;log_2016-2022_clean_5_eventi_FORNITURE_P_7_B.csv;;0.0560406791497884
regression_RFR_FEATEXC-0_LLM-1;log_2016-2022_clean_5_eventi_FORNITURE_P_11_B.csv;;0.0459957027576743
regression_RFR_FEATEXC-0_LLM-1;log_2016-2022_clean_5_eventi_FORNITURE_P_11_F.csv;;0.0512025469391503
regression_RFR_FEATEXC-0_LLM-1;log_2016-2022_clean_5_eventi_LAVORI_P_9_F.csv;;0.0467357372183442
regression_RFR_FEATEXC-0_LLM-1;log_2016-2022_clean_5_eventi_LAVORI_P_11_I.csv;;0.046967500256345
regression_RFR_FEATEXC-0_LLM-1;log_2016-2022_clean_5_eventi_LAVORI_P_9_B.csv;;0.028183356588015
regression_RFR_FEATEXC-0_LLM-1;log_2016-2022_clean_5_eventi_FORNITURE_P_11_I.csv;;0.0660701605587386
regression_RFR_FEATEXC-0_LLM-1;log_2016-2022_clean_5_eventi_LAVORI_P_9_I.csv;;0.0533543934555211
regression_RFR_FEATEXC-0_LLM-1;log_2016-2022_clean_5_eventi_FORNITURE_P_9_B.csv;;0.0514421102282293
regression_RFR_FEATEXC-0_LLM-1;log_2016-2022_clean_5_eventi_FORNITURE_P_9_I.csv;;0.0660347592079876
regression_RFR_FEATEXC-0_LLM-1;log_2016-2022_clean_5_eventi_SERVIZI_P_11_F.csv;;0.0510825219638152
regression_RFR_FEATEXC-0_LLM-1;log_2016-2022_clean_5_eventi_FORNITURE_P_7_I.csv;;0.0599482021847367
regression_RFR_FEATEXC-0_LLM-1;log_2016-2022_clean_5_eventi_LAVORI_P_7_F.csv;;0.0573777286130073
regression_RFR_FEATEXC-0_LLM-1;log_2016-2022_clean_5_eventi_LAVORI_P_7_B.csv;;0.0626203697196845
regression_RFR_FEATEXC-0_LLM-1;log_2016-2022_clean_5_eventi_LAVORI_P_7_I.csv;;0.0598497062702031
regression_RFR_FEATEXC-0_LLM-1;log_2016-2022_clean_5_eventi_SERVIZI_P_9_B.csv;;0.0628304007347446
regression_RFR_FEATEXC-0_LLM-1;log_2016-2022_clean_5_eventi_SERVIZI_P_11_B.csv;;0.0565954839917518
regression_RFR_FEATEXC-0_LLM-1;log_2016-2022_clean_5_eventi_FORNITURE_P_7_F.csv;;0.0711006892786407
regression_RFR_FEATEXC-0_LLM-1;log_2016-2022_clean_5_eventi_SERVIZI_P_7_F.csv;;0.0637212145458372
regression_RFR_FEATEXC-0_LLM-1;log_2016-2022_clean_5_eventi_LAVORI_P_5_B.csv;;0.0741822981037471
regression_RFR_FEATEXC-0_LLM-1;log_2016-2022_clean_5_eventi_LAVORI_P_5_F.csv;;0.0682159639977607
regression_RFR_FEATEXC-0_LLM-1;log_2016-2022_clean_5_eventi_FORNITURE_P_9_F.csv;;0.0606128095749346
regression_RFR_FEATEXC-0_LLM-1;log_2016-2022_clean_5_eventi_LAVORI_P_5_I.csv;;0.0738042591220711
regression_RFR_FEATEXC-0_LLM-1;log_2016-2022_clean_5_eventi_SERVIZI_P_9_F.csv;;0.0659929556915029
regression_RFR_FEATEXC-0_LLM-1;log_2016-2022_clean_5_eventi_SERVIZI_P_7_B.csv;;0.0699276817050717
regression_RFR_FEATEXC-0_LLM-1;log_2016-2022_clean_5_eventi_FORNITURE_P_5_B.csv;;0.069983345848187
regression_RFR_FEATEXC-0_LLM-1;log_2016-2022_clean_5_eventi_SERVIZI_P_11_I.csv;;0.0760855696228294
regression_RFR_FEATEXC-0_LLM-1;log_2016-2022_clean_5_eventi_SERVIZI_P_9_I.csv;;0.076652672738848
regression_RFR_FEATEXC-0_LLM-1;log_2016-2022_clean_5_eventi_FORNITURE_P_5_F.csv;;0.0778012333643191
regression_RFR_FEATEXC-0_LLM-1;log_2016-2022_clean_5_eventi_SERVIZI_P_7_I.csv;;0.0767223413252175
regression_RFR_FEATEXC-0_LLM-1;log_2016-2022_clean_5_eventi_FORNITURE_P_5_I.csv;;0.0761905869094595
regression_RFR_FEATEXC-0_LLM-1;log_2016-2022_clean_5_eventi_SERVIZI_P_5_I.csv;;0.0916793370739126
regression_RFR_FEATEXC-0_LLM-1;log_2016-2022_clean_5_eventi_LAVORI_P_3_I.csv;;0.088234791201631
regression_RFR_FEATEXC-0_LLM-1;log_2016-2022_clean_5_eventi_LAVORI_P_3_B.csv;;0.0892272330270867
regression_RFR_FEATEXC-0_LLM-1;log_2016-2022_clean_5_eventi_LAVORI_P_3_F.csv;;0.0853431268952895
regression_RFR_FEATEXC-0_LLM-1;log_2016-2022_clean_5_eventi_SERVIZI_P_5_F.csv;;0.0837803442958455
regression_RFR_FEATEXC-0_LLM-1;log_2016-2022_clean_5_eventi_SERVIZI_P_5_B.csv;;0.0918799626482021
regression_RFR_FEATEXC-0_LLM-1;log_2016-2022_clean_5_eventi_LAVORI_P_1_B.csv;;0.1112055042806122
regression_RFR_FEATEXC-0_LLM-1;log_2016-2022_clean_5_eventi_LAVORI_P_1_I.csv;;0.0982108708494235
regression_RFR_FEATEXC-0_LLM-1;log_2016-2022_clean_5_eventi_LAVORI_P_1_F.csv;;0.0612470445669816
regression_RFR_FEATEXC-0_LLM-1;log_2016-2022_clean_5_eventi_FORNITURE_P_3_F.csv;;0.1317456617828754
regression_RFR_FEATEXC-0_LLM-1;log_2016-2022_clean_5_eventi_FORNITURE_P_1_F.csv;;0.1432602508714627
regression_RFR_FEATEXC-0_LLM-1;log_2016-2022_clean_5_eventi_FORNITURE_P_1_I.csv;;0.1546313108010655
regression_RFR_FEATEXC-0_LLM-1;log_2016-2022_clean_5_eventi_FORNITURE_P_3_I.csv;;0.1399085836610679
regression_RFR_FEATEXC-0_LLM-1;log_2016-2022_clean_5_eventi_SERVIZI_P_3_F.csv;;0.1430198436696884
regression_RFR_FEATEXC-0_LLM-1;log_2016-2022_clean_5_eventi_FORNITURE_P_3_B.csv;;0.1463547961331837
regression_RFR_FEATEXC-0_LLM-1;log_2016-2022_clean_5_eventi_SERVIZI_P_3_B.csv;;0.1443711437948718
regression_RFR_FEATEXC-0_LLM-1;log_2016-2022_clean_5_eventi_SERVIZI_P_3_I.csv;;0.1476400423034433
regression_RFR_FEATEXC-0_LLM-1;log_2016-2022_clean_5_eventi_FORNITURE_P_1_B.csv;;0.1587536978994878
regression_RFR_FEATEXC-0_LLM-1;log_2016-2022_clean_5_eventi_SERVIZI_P_1_B.csv;;0.1836664146104669
regression_RFR_FEATEXC-0_LLM-1;log_2016-2022_clean_5_eventi_SERVIZI_P_1_I.csv;;0.1581121186933644
regression_RFR_FEATEXC-0_LLM-1;log_2016-2022_clean_5_eventi_SERVIZI_P_1_F.csv;;0.172749519664296
regression_RFR_FEATEXC-1_LLM-0;log_2016-2022_clean_5_eventi_FORNITURE_P_11_F.csv;;0.0400089837514824
regression_RFR_FEATEXC-1_LLM-0;log_2016-2022_clean_5_eventi_LAVORI_P_11_F.csv;;0.0384076520037802
regression_RFR_FEATEXC-1_LLM-0;log_2016-2022_clean_5_eventi_LAVORI_P_11_B.csv;;0.0240155388042067
regression_RFR_FEATEXC-1_LLM-0;log_2016-2022_clean_5_eventi_FORNITURE_P_11_B.csv;;0.0414898585435389
regression_RFR_FEATEXC-1_LLM-0;log_2016-2022_clean_5_eventi_LAVORI_P_9_B.csv;;0.0466526920305299
regression_RFR_FEATEXC-1_LLM-0;log_2016-2022_clean_5_eventi_SERVIZI_P_11_F.csv;;0.0499842458060245
regression_RFR_FEATEXC-1_LLM-0;log_2016-2022_clean_5_eventi_LAVORI_P_11_I.csv;;0.0480948927562829
regression_RFR_FEATEXC-1_LLM-0;log_2016-2022_clean_5_eventi_LAVORI_P_9_F.csv;;0.0484016356543728
regression_RFR_FEATEXC-1_LLM-0;log_2016-2022_clean_5_eventi_FORNITURE_P_9_F.csv;;0.0486036520628236
regression_RFR_FEATEXC-1_LLM-0;log_2016-2022_clean_5_eventi_FORNITURE_P_9_B.csv;;0.0473910836101153
regression_RFR_FEATEXC-1_LLM-0;log_2016-2022_clean_5_eventi_FORNITURE_P_7_B.csv;;0.0608449006883816
regression_RFR_FEATEXC-1_LLM-0;log_2016-2022_clean_5_eventi_LAVORI_P_7_F.csv;;0.055922098433836
regression_RFR_FEATEXC-1_LLM-0;log_2016-2022_clean_5_eventi_LAVORI_P_9_I.csv;;0.0317685193162629
regression_RFR_FEATEXC-1_LLM-0;log_2016-2022_clean_5_eventi_LAVORI_P_7_B.csv;;0.0343335153432279
regression_RFR_FEATEXC-1_LLM-0;log_2016-2022_clean_5_eventi_FORNITURE_P_9_I.csv;;0.0575208327066558
regression_RFR_FEATEXC-1_LLM-0;log_2016-2022_clean_5_eventi_FORNITURE_P_11_I.csv;;0.0548287421144171
regression_RFR_FEATEXC-1_LLM-0;log_2016-2022_clean_5_eventi_SERVIZI_P_11_B.csv;;0.0567137834381195
regression_RFR_FEATEXC-1_LLM-0;log_2016-2022_clean_5_eventi_SERVIZI_P_7_B.csv;;0.0613241860638012
regression_RFR_FEATEXC-1_LLM-0;log_2016-2022_clean_5_eventi_FORNITURE_P_7_I.csv;;0.0586067743722652
regression_RFR_FEATEXC-1_LLM-0;log_2016-2022_clean_5_eventi_LAVORI_P_7_I.csv;;0.0373929395953672
regression_RFR_FEATEXC-1_LLM-0;log_2016-2022_clean_5_eventi_FORNITURE_P_7_F.csv;;0.0624725673278028
regression_RFR_FEATEXC-1_LLM-0;log_2016-2022_clean_5_eventi_SERVIZI_P_9_F.csv;;0.0662348683157812
regression_RFR_FEATEXC-1_LLM-0;log_2016-2022_clean_5_eventi_SERVIZI_P_9_I.csv;;0.0669928332995359
regression_RFR_FEATEXC-1_LLM-0;log_2016-2022_clean_5_eventi_SERVIZI_P_11_I.csv;;0.0640573513260411
regression_RFR_FEATEXC-1_LLM-0;log_2016-2022_clean_5_eventi_LAVORI_P_5_F.csv;;0.0746228211867274
regression_RFR_FEATEXC-1_LLM-0;log_2016-2022_clean_5_eventi_LAVORI_P_5_B.csv;;0.0750882072541774
regression_RFR_FEATEXC-1_LLM-0;log_2016-2022_clean_5_eventi_LAVORI_P_5_I.csv;;0.0722478242851086
regression_RFR_FEATEXC-1_LLM-0;log_2016-2022_clean_5_eventi_SERVIZI_P_7_F.csv;;0.0715969973474774
regression_RFR_FEATEXC-1_LLM-0;log_2016-2022_clean_5_eventi_SERVIZI_P_7_I.csv;;0.0747932545477519
regression_RFR_FEATEXC-1_LLM-0;log_2016-2022_clean_5_eventi_FORNITURE_P_5_B.csv;;0.0789787132348822
regression_RFR_FEATEXC-1_LLM-0;log_2016-2022_clean_5_eventi_SERVIZI_P_9_B.csv;;0.0476027741056108
regression_RFR_FEATEXC-1_LLM-0;log_2016-2022_clean_5_eventi_FORNITURE_P_5_I.csv;;0.0866950628827632
regression_RFR_FEATEXC-1_LLM-0;log_2016-2022_clean_5_eventi_FORNITURE_P_5_F.csv;;0.0853463051042634
regression_RFR_FEATEXC-1_LLM-0;log_2016-2022_clean_5_eventi_SERVIZI_P_5_F.csv;;0.0936977373560559
regression_RFR_FEATEXC-1_LLM-0;log_2016-2022_clean_5_eventi_SERVIZI_P_5_I.csv;;0.087313090692511
regression_RFR_FEATEXC-1_LLM-0;log_2016-2022_clean_5_eventi_SERVIZI_P_5_B.csv;;0.089938812308374
regression_RFR_FEATEXC-1_LLM-0;log_2016-2022_clean_5_eventi_LAVORI_P_3_B.csv;;0.0976319453745444
regression_RFR_FEATEXC-1_LLM-0;log_2016-2022_clean_5_eventi_LAVORI_P_3_F.csv;;0.0575876328372286
regression_RFR_FEATEXC-1_LLM-0;log_2016-2022_clean_5_eventi_LAVORI_P_3_I.csv;;0.0582516776256848
regression_RFR_FEATEXC-1_LLM-0;log_2016-2022_clean_5_eventi_LAVORI_P_1_F.csv;;0.133149374604764
regression_RFR_FEATEXC-1_LLM-0;log_2016-2022_clean_5_eventi_LAVORI_P_1_B.csv;;0.1358077627132045
regression_RFR_FEATEXC-1_LLM-0;log_2016-2022_clean_5_eventi_LAVORI_P_1_I.csv;;0.0705780217228962
regression_RFR_FEATEXC-1_LLM-0;log_2016-2022_clean_5_eventi_FORNITURE_P_3_B.csv;;0.1416577285807887
regression_RFR_FEATEXC-1_LLM-0;log_2016-2022_clean_5_eventi_FORNITURE_P_1_I.csv;;0.1700242738670079
regression_RFR_FEATEXC-1_LLM-0;log_2016-2022_clean_5_eventi_FORNITURE_P_3_F.csv;;0.1425927497069668
regression_RFR_FEATEXC-1_LLM-0;log_2016-2022_clean_5_eventi_SERVIZI_P_3_I.csv;;0.1571281262626547
regression_RFR_FEATEXC-1_LLM-0;log_2016-2022_clean_5_eventi_FORNITURE_P_3_I.csv;;0.1451501582791995
regression_RFR_FEATEXC-1_LLM-0;log_2016-2022_clean_5_eventi_SERVIZI_P_3_B.csv;;0.1639028841054029
regression_RFR_FEATEXC-1_LLM-0;log_2016-2022_clean_5_eventi_SERVIZI_P_3_F.csv;;0.0957111290175687
regression_RFR_FEATEXC-1_LLM-0;log_2016-2022_clean_5_eventi_FORNITURE_P_1_B.csv;;0.1797833887475853
regression_RFR_FEATEXC-1_LLM-0;log_2016-2022_clean_5_eventi_FORNITURE_P_1_F.csv;;0.1609548350686533
regression_RFR_FEATEXC-1_LLM-0;log_2016-2022_clean_5_eventi_SERVIZI_P_1_I.csv;;0.1901706473758828
regression_RFR_FEATEXC-1_LLM-0;log_2016-2022_clean_5_eventi_SERVIZI_P_1_B.csv;;0.1729001353864039
regression_RFR_FEATEXC-1_LLM-0;log_2016-2022_clean_5_eventi_SERVIZI_P_1_F.csv;;0.1157563847139792
regression_XGR_FEATEXC-0_LLM-0;log_2016-2022_clean_5_eventi_FORNITURE_P_11_B.csv;;0.0180520139916583
regression_XGR_FEATEXC-0_LLM-0;log_2016-2022_clean_5_eventi_FORNITURE_P_11_I.csv;;0.0264882598517542
regression_XGR_FEATEXC-0_LLM-0;log_2016-2022_clean_5_eventi_FORNITURE_P_9_F.csv;;0.025008593988082
regression_XGR_FEATEXC-0_LLM-0;log_2016-2022_clean_5_eventi_LAVORI_P_11_F.csv;;0.0284888015322887
regression_XGR_FEATEXC-0_LLM-0;log_2016-2022_clean_5_eventi_LAVORI_P_11_B.csv;;0.0298755091932882
regression_XGR_FEATEXC-0_LLM-0;log_2016-2022_clean_5_eventi_LAVORI_P_11_I.csv;;0.0316275487450622
regression_XGR_FEATEXC-0_LLM-0;log_2016-2022_clean_5_eventi_SERVIZI_P_11_F.csv;;0.0318242707084897
regression_XGR_FEATEXC-0_LLM-0;log_2016-2022_clean_5_eventi_FORNITURE_P_9_I.csv;;0.0317963167020119
regression_XGR_FEATEXC-0_LLM-0;log_2016-2022_clean_5_eventi_FORNITURE_P_9_B.csv;;0.0334967256895525
regression_XGR_FEATEXC-0_LLM-0;log_2016-2022_clean_5_eventi_FORNITURE_P_11_F.csv;;0.0361556414045617
regression_XGR_FEATEXC-0_LLM-0;log_2016-2022_clean_5_eventi_LAVORI_P_9_B.csv;;0.042721697877503
regression_XGR_FEATEXC-0_LLM-0;log_2016-2022_clean_5_eventi_SERVIZI_P_11_I.csv;;0.0365529140951579
regression_XGR_FEATEXC-0_LLM-0;log_2016-2022_clean_5_eventi_LAVORI_P_9_F.csv;;0.0232940337135516
regression_XGR_FEATEXC-0_LLM-0;log_2016-2022_clean_5_eventi_SERVIZI_P_11_B.csv;;0.0419975359728474
regression_XGR_FEATEXC-0_LLM-0;log_2016-2022_clean_5_eventi_LAVORI_P_9_I.csv;;0.0248898959676459
regression_XGR_FEATEXC-0_LLM-0;log_2016-2022_clean_5_eventi_FORNITURE_P_7_F.csv;;0.0409378142812058
regression_XGR_FEATEXC-0_LLM-0;log_2016-2022_clean_5_eventi_FORNITURE_P_7_B.csv;;0.0453832251602845
regression_XGR_FEATEXC-0_LLM-0;log_2016-2022_clean_5_eventi_SERVIZI_P_9_B.csv;;0.0438648245901452
regression_XGR_FEATEXC-0_LLM-0;log_2016-2022_clean_5_eventi_SERVIZI_P_9_F.csv;;0.0451120175361208
regression_XGR_FEATEXC-0_LLM-0;log_2016-2022_clean_5_eventi_LAVORI_P_7_B.csv;;0.0473923190086192
regression_XGR_FEATEXC-0_LLM-0;log_2016-2022_clean_5_eventi_FORNITURE_P_7_I.csv;;0.0496565680463547
regression_XGR_FEATEXC-0_LLM-0;log_2016-2022_clean_5_eventi_LAVORI_P_7_I.csv;;0.0483758856327909
regression_XGR_FEATEXC-0_LLM-0;log_2016-2022_clean_5_eventi_LAVORI_P_7_F.csv;;0.0296870106577358
regression_XGR_FEATEXC-0_LLM-0;log_2016-2022_clean_5_eventi_SERVIZI_P_9_I.csv;;0.0497328497366373
regression_XGR_FEATEXC-0_LLM-0;log_2016-2022_clean_5_eventi_FORNITURE_P_5_I.csv;;0.0545407527482197
regression_XGR_FEATEXC-0_LLM-0;log_2016-2022_clean_5_eventi_LAVORI_P_5_B.csv;;0.0780769865190716
regression_XGR_FEATEXC-0_LLM-0;log_2016-2022_clean_5_eventi_LAVORI_P_5_F.csv;;0.0660940545749696
regression_XGR_FEATEXC-0_LLM-0;log_2016-2022_clean_5_eventi_LAVORI_P_5_I.csv;;0.0657602524431577
regression_XGR_FEATEXC-0_LLM-0;log_2016-2022_clean_5_eventi_SERVIZI_P_7_B.csv;;0.0603654058969052
regression_XGR_FEATEXC-0_LLM-0;log_2016-2022_clean_5_eventi_SERVIZI_P_7_I.csv;;0.0672895559646107
regression_XGR_FEATEXC-0_LLM-0;log_2016-2022_clean_5_eventi_FORNITURE_P_5_F.csv;;0.0759009761025183
regression_XGR_FEATEXC-0_LLM-0;log_2016-2022_clean_5_eventi_FORNITURE_P_5_B.csv;;0.0702378901075954
regression_XGR_FEATEXC-0_LLM-0;log_2016-2022_clean_5_eventi_SERVIZI_P_7_F.csv;;0.0743636537050369
regression_XGR_FEATEXC-0_LLM-0;log_2016-2022_clean_5_eventi_LAVORI_P_3_I.csv;;0.0884050713476904
regression_XGR_FEATEXC-0_LLM-0;log_2016-2022_clean_5_eventi_LAVORI_P_3_B.csv;;0.089886655259662
regression_XGR_FEATEXC-0_LLM-0;log_2016-2022_clean_5_eventi_LAVORI_P_3_F.csv;;0.0527954527676332
regression_XGR_FEATEXC-0_LLM-0;log_2016-2022_clean_5_eventi_SERVIZI_P_5_F.csv;;0.0933439015180113
regression_XGR_FEATEXC-0_LLM-0;log_2016-2022_clean_5_eventi_SERVIZI_P_5_I.csv;;0.0881507477091324
regression_XGR_FEATEXC-0_LLM-0;log_2016-2022_clean_5_eventi_SERVIZI_P_5_B.csv;;0.0565046390745633
regression_XGR_FEATEXC-0_LLM-0;log_2016-2022_clean_5_eventi_LAVORI_P_1_I.csv;;0.117456057572334
regression_XGR_FEATEXC-0_LLM-0;log_2016-2022_clean_5_eventi_LAVORI_P_1_B.csv;;0.1071930179341553
regression_XGR_FEATEXC-0_LLM-0;log_2016-2022_clean_5_eventi_LAVORI_P_1_F.csv;;0.1010181000022646
regression_XGR_FEATEXC-0_LLM-0;log_2016-2022_clean_5_eventi_FORNITURE_P_3_F.csv;;0.1580921019107746
regression_XGR_FEATEXC-0_LLM-0;log_2016-2022_clean_5_eventi_FORNITURE_P_3_B.csv;;0.1828761617761892
regression_XGR_FEATEXC-0_LLM-0;log_2016-2022_clean_5_eventi_FORNITURE_P_3_I.csv;;0.16182661910776
regression_XGR_FEATEXC-0_LLM-0;log_2016-2022_clean_5_eventi_SERVIZI_P_3_I.csv;;0.1488996178144605
regression_XGR_FEATEXC-0_LLM-0;log_2016-2022_clean_5_eventi_SERVIZI_P_3_B.csv;;0.1580703263227273
regression_XGR_FEATEXC-0_LLM-0;log_2016-2022_clean_5_eventi_SERVIZI_P_3_F.csv;;0.1641204671428787
regression_XGR_FEATEXC-0_LLM-0;log_2016-2022_clean_5_eventi_FORNITURE_P_1_I.csv;;0.1777586631595473
regression_XGR_FEATEXC-0_LLM-0;log_2016-2022_clean_5_eventi_FORNITURE_P_1_F.csv;;0.1582060997828699
regression_XGR_FEATEXC-0_LLM-0;log_2016-2022_clean_5_eventi_SERVIZI_P_1_I.csv;;0.1582831482636602
regression_XGR_FEATEXC-0_LLM-0;log_2016-2022_clean_5_eventi_SERVIZI_P_1_B.csv;;0.1758993129374239
regression_XGR_FEATEXC-0_LLM-0;log_2016-2022_clean_5_eventi_FORNITURE_P_1_B.csv;;0.1732292469289566
regression_XGR_FEATEXC-0_LLM-0;log_2016-2022_clean_5_eventi_SERVIZI_P_1_F.csv;;0.1068932359903146
regression_XGR_FEATEXC-0_LLM-1;log_2016-2022_clean_5_eventi_FORNITURE_P_11_I.csv;;0.0178919134573514
regression_XGR_FEATEXC-0_LLM-1;log_2016-2022_clean_5_eventi_FORNITURE_P_11_F.csv;;0.0195764882813603
regression_XGR_FEATEXC-0_LLM-1;log_2016-2022_clean_5_eventi_FORNITURE_P_9_F.csv;;0.0267087115910792
regression_XGR_FEATEXC-0_LLM-1;log_2016-2022_clean_5_eventi_FORNITURE_P_11_B.csv;;0.031192836427523
regression_XGR_FEATEXC-0_LLM-1;log_2016-2022_clean_5_eventi_LAVORI_P_11_I.csv;;0.0333859684518113
regression_XGR_FEATEXC-0_LLM-1;log_2016-2022_clean_5_eventi_LAVORI_P_11_F.csv;;0.0306730094513187
regression_XGR_FEATEXC-0_LLM-1;log_2016-2022_clean_5_eventi_LAVORI_P_11_B.csv;;0.0187113648835711
regression_XGR_FEATEXC-0_LLM-1;log_2016-2022_clean_5_eventi_FORNITURE_P_9_I.csv;;0.0397519035997409
regression_XGR_FEATEXC-0_LLM-1;log_2016-2022_clean_5_eventi_FORNITURE_P_9_B.csv;;0.0352007455182318
regression_XGR_FEATEXC-0_LLM-1;log_2016-2022_clean_5_eventi_FORNITURE_P_7_F.csv;;0.0347339953330653
regression_XGR_FEATEXC-0_LLM-1;log_2016-2022_clean_5_eventi_FORNITURE_P_7_B.csv;;0.0534497402887598
regression_XGR_FEATEXC-0_LLM-1;log_2016-2022_clean_5_eventi_LAVORI_P_9_I.csv;;0.0222518859045567
regression_XGR_FEATEXC-0_LLM-1;log_2016-2022_clean_5_eventi_LAVORI_P_9_B.csv;;0.0395871988849329
regression_XGR_FEATEXC-0_LLM-1;log_2016-2022_clean_5_eventi_LAVORI_P_9_F.csv;;0.0234854770091508
regression_XGR_FEATEXC-0_LLM-1;log_2016-2022_clean_5_eventi_SERVIZI_P_11_B.csv;;0.0408765573773041
regression_XGR_FEATEXC-0_LLM-1;log_2016-2022_clean_5_eventi_FORNITURE_P_7_I.csv;;0.0446404966998768
regression_XGR_FEATEXC-0_LLM-1;log_2016-2022_clean_5_eventi_SERVIZI_P_9_B.csv;;0.0392391746588384
regression_XGR_FEATEXC-0_LLM-1;log_2016-2022_clean_5_eventi_SERVIZI_P_11_F.csv;;0.042511485534801
regression_XGR_FEATEXC-0_LLM-1;log_2016-2022_clean_5_eventi_SERVIZI_P_11_I.csv;;0.0442492814454862
regression_XGR_FEATEXC-0_LLM-1;log_2016-2022_clean_5_eventi_SERVIZI_P_9_I.csv;;0.049853392673963
regression_XGR_FEATEXC-0_LLM-1;log_2016-2022_clean_5_eventi_LAVORI_P_7_I.csv;;0.047029244080403
regression_XGR_FEATEXC-0_LLM-1;log_2016-2022_clean_5_eventi_LAVORI_P_7_B.csv;;0.0522414221723895
regression_XGR_FEATEXC-0_LLM-1;log_2016-2022_clean_5_eventi_LAVORI_P_7_F.csv;;0.0532982488877446
regression_XGR_FEATEXC-0_LLM-1;log_2016-2022_clean_5_eventi_SERVIZI_P_9_F.csv;;0.0351037810842305
regression_XGR_FEATEXC-0_LLM-1;log_2016-2022_clean_5_eventi_FORNITURE_P_5_I.csv;;0.0663894883402636
regression_XGR_FEATEXC-0_LLM-1;log_2016-2022_clean_5_eventi_LAVORI_P_5_I.csv;;0.0701763914075119
regression_XGR_FEATEXC-0_LLM-1;log_2016-2022_clean_5_eventi_LAVORI_P_5_B.csv;;0.0650447160332626
regression_XGR_FEATEXC-0_LLM-1;log_2016-2022_clean_5_eventi_SERVIZI_P_7_F.csv;;0.0715142103889188
regression_XGR_FEATEXC-0_LLM-1;log_2016-2022_clean_5_eventi_FORNITURE_P_5_F.csv;;0.0709519998898724
regression_XGR_FEATEXC-0_LLM-1;log_2016-2022_clean_5_eventi_LAVORI_P_5_F.csv;;0.0659136144295168
regression_XGR_FEATEXC-0_LLM-1;log_2016-2022_clean_5_eventi_SERVIZI_P_7_I.csv;;0.0646007328552188
regression_XGR_FEATEXC-0_LLM-1;log_2016-2022_clean_5_eventi_SERVIZI_P_7_B.csv;;0.0676468548677364
regression_XGR_FEATEXC-0_LLM-1;log_2016-2022_clean_5_eventi_FORNITURE_P_5_B.csv;;0.0731358427556739
regression_XGR_FEATEXC-0_LLM-1;log_2016-2022_clean_5_eventi_LAVORI_P_3_B.csv;;0.0946022455327881
regression_XGR_FEATEXC-0_LLM-1;log_2016-2022_clean_5_eventi_LAVORI_P_3_F.csv;;0.0907106337987002
regression_XGR_FEATEXC-0_LLM-1;log_2016-2022_clean_5_eventi_LAVORI_P_3_I.csv;;0.0896577461600508
regression_XGR_FEATEXC-0_LLM-1;log_2016-2022_clean_5_eventi_SERVIZI_P_5_B.csv;;0.0903562484966712
regression_XGR_FEATEXC-0_LLM-1;log_2016-2022_clean_5_eventi_SERVIZI_P_5_I.csv;;0.0556514311860925
regression_XGR_FEATEXC-0_LLM-1;log_2016-2022_clean_5_eventi_SERVIZI_P_5_F.csv;;0.05825506806812
regression_XGR_FEATEXC-0_LLM-1;log_2016-2022_clean_5_eventi_LAVORI_P_1_I.csv;;0.105870541595502
regression_XGR_FEATEXC-0_LLM-1;log_2016-2022_clean_5_eventi_LAVORI_P_1_F.csv;;0.1095792836354756
regression_XGR_FEATEXC-0_LLM-1;log_2016-2022_clean_5_eventi_LAVORI_P_1_B.csv;;0.106190463212597
regression_XGR_FEATEXC-0_LLM-1;log_2016-2022_clean_5_eventi_SERVIZI_P_3_I.csv;;0.1569703325991272
regression_XGR_FEATEXC-0_LLM-1;log_2016-2022_clean_5_eventi_FORNITURE_P_3_I.csv;;0.1627535151590093
regression_XGR_FEATEXC-0_LLM-1;log_2016-2022_clean_5_eventi_SERVIZI_P_3_B.csv;;0.1455481528719804
regression_XGR_FEATEXC-0_LLM-1;log_2016-2022_clean_5_eventi_FORNITURE_P_1_I.csv;;0.1958560096288997
regression_XGR_FEATEXC-0_LLM-1;log_2016-2022_clean_5_eventi_FORNITURE_P_3_B.csv;;0.1554784112889879
regression_XGR_FEATEXC-0_LLM-1;log_2016-2022_clean_5_eventi_FORNITURE_P_3_F.csv;;0.1527563183617521
regression_XGR_FEATEXC-0_LLM-1;log_2016-2022_clean_5_eventi_FORNITURE_P_1_B.csv;;0.1779064499009216
regression_XGR_FEATEXC-0_LLM-1;log_2016-2022_clean_5_eventi_SERVIZI_P_3_F.csv;;0.0940920633242962
regression_XGR_FEATEXC-0_LLM-1;log_2016-2022_clean_5_eventi_SERVIZI_P_1_F.csv;;0.1921671162622129
regression_XGR_FEATEXC-0_LLM-1;log_2016-2022_clean_5_eventi_SERVIZI_P_1_B.csv;;0.1581329417664514
regression_XGR_FEATEXC-0_LLM-1;log_2016-2022_clean_5_eventi_SERVIZI_P_1_I.csv;;0.1637290423905909
regression_XGR_FEATEXC-0_LLM-1;log_2016-2022_clean_5_eventi_FORNITURE_P_1_F.csv;;0.1691663826195516
regression_XGR_FEATEXC-1_LLM-0;log_2016-2022_clean_5_eventi_FORNITURE_P_11_I.csv;;0.0241507146477515
regression_XGR_FEATEXC-1_LLM-0;log_2016-2022_clean_5_eventi_FORNITURE_P_11_B.csv;;0.0237395917031502
regression_XGR_FEATEXC-1_LLM-0;log_2016-2022_clean_5_eventi_FORNITURE_P_11_F.csv;;0.0238928436959196
regression_XGR_FEATEXC-1_LLM-0;log_2016-2022_clean_5_eventi_LAVORI_P_11_I.csv;;0.0323936404175891
regression_XGR_FEATEXC-1_LLM-0;log_2016-2022_clean_5_eventi_LAVORI_P_11_F.csv;;0.0297787658078274
regression_XGR_FEATEXC-1_LLM-0;log_2016-2022_clean_5_eventi_FORNITURE_P_9_B.csv;;0.0370843732943936
regression_XGR_FEATEXC-1_LLM-0;log_2016-2022_clean_5_eventi_FORNITURE_P_9_F.csv;;0.0313343271040939
regression_XGR_FEATEXC-1_LLM-0;log_2016-2022_clean_5_eventi_LAVORI_P_11_B.csv;;0.0337222038845251
regression_XGR_FEATEXC-1_LLM-0;log_2016-2022_clean_5_eventi_SERVIZI_P_11_F.csv;;0.0410213999438629
regression_XGR_FEATEXC-1_LLM-0;log_2016-2022_clean_5_eventi_LAVORI_P_9_I.csv;;0.0446209660245898
regression_XGR_FEATEXC-1_LLM-0;log_2016-2022_clean_5_eventi_LAVORI_P_9_B.csv;;0.0406670395303338
regression_XGR_FEATEXC-1_LLM-0;log_2016-2022_clean_5_eventi_LAVORI_P_9_F.csv;;0.0247654785770697
regression_XGR_FEATEXC-1_LLM-0;log_2016-2022_clean_5_eventi_FORNITURE_P_9_I.csv;;0.0428429248209258
regression_XGR_FEATEXC-1_LLM-0;log_2016-2022_clean_5_eventi_SERVIZI_P_9_B.csv;;0.0412650047471587
regression_XGR_FEATEXC-1_LLM-0;log_2016-2022_clean_5_eventi_FORNITURE_P_7_F.csv;;0.0435693517083278
regression_XGR_FEATEXC-1_LLM-0;log_2016-2022_clean_5_eventi_SERVIZI_P_9_F.csv;;0.0438831652240672
regression_XGR_FEATEXC-1_LLM-0;log_2016-2022_clean_5_eventi_SERVIZI_P_11_B.csv;;0.0504962651295807
regression_XGR_FEATEXC-1_LLM-0;log_2016-2022_clean_5_eventi_FORNITURE_P_7_B.csv;;0.0571540450905951
regression_XGR_FEATEXC-1_LLM-0;log_2016-2022_clean_5_eventi_SERVIZI_P_9_I.csv;;0.0498901589019235
regression_XGR_FEATEXC-1_LLM-0;log_2016-2022_clean_5_eventi_LAVORI_P_7_B.csv;;0.0550303128676114
regression_XGR_FEATEXC-1_LLM-0;log_2016-2022_clean_5_eventi_LAVORI_P_7_I.csv;;0.0552634737651602
regression_XGR_FEATEXC-1_LLM-0;log_2016-2022_clean_5_eventi_FORNITURE_P_7_I.csv;;0.0501979734871954
regression_XGR_FEATEXC-1_LLM-0;log_2016-2022_clean_5_eventi_SERVIZI_P_11_I.csv;;0.0323536551381167
regression_XGR_FEATEXC-1_LLM-0;log_2016-2022_clean_5_eventi_LAVORI_P_7_F.csv;;0.0324430833791152
regression_XGR_FEATEXC-1_LLM-0;log_2016-2022_clean_5_eventi_SERVIZI_P_7_B.csv;;0.057716163414736
regression_XGR_FEATEXC-1_LLM-0;log_2016-2022_clean_5_eventi_SERVIZI_P_7_F.csv;;0.0665517148533831
regression_XGR_FEATEXC-1_LLM-0;log_2016-2022_clean_5_eventi_LAVORI_P_5_I.csv;;0.0754037156270877
regression_XGR_FEATEXC-1_LLM-0;log_2016-2022_clean_5_eventi_LAVORI_P_5_F.csv;;0.0780726550504053
regression_XGR_FEATEXC-1_LLM-0;log_2016-2022_clean_5_eventi_FORNITURE_P_5_F.csv;;0.0662917012093021
regression_XGR_FEATEXC-1_LLM-0;log_2016-2022_clean_5_eventi_LAVORI_P_5_B.csv;;0.0803086662715807
regression_XGR_FEATEXC-1_LLM-0;log_2016-2022_clean_5_eventi_FORNITURE_P_5_B.csv;;0.0700120474261926
regression_XGR_FEATEXC-1_LLM-0;log_2016-2022_clean_5_eventi_FORNITURE_P_5_I.csv;;0.0709640739593385
regression_XGR_FEATEXC-1_LLM-0;log_2016-2022_clean_5_eventi_SERVIZI_P_7_I.csv;;0.0472156574209612
regression_XGR_FEATEXC-1_LLM-0;log_2016-2022_clean_5_eventi_SERVIZI_P_5_I.csv;;0.0886060620434006
regression_XGR_FEATEXC-1_LLM-0;log_2016-2022_clean_5_eventi_SERVIZI_P_5_B.csv;;0.0819632146117258
regression_XGR_FEATEXC-1_LLM-0;log_2016-2022_clean_5_eventi_SERVIZI_P_5_F.csv;;0.0865558975939889
regression_XGR_FEATEXC-1_LLM-0;log_2016-2022_clean_5_eventi_LAVORI_P_3_B.csv;;0.1086860919054236
regression_XGR_FEATEXC-1_LLM-0;log_2016-2022_clean_5_eventi_LAVORI_P_3_I.csv;;0.1013200179616886
regression_XGR_FEATEXC-1_LLM-0;log_2016-2022_clean_5_eventi_LAVORI_P_3_F.csv;;0.0567583367434249
regression_XGR_FEATEXC-1_LLM-0;log_2016-2022_clean_5_eventi_LAVORI_P_1_F.csv;;0.1299757036249182
regression_XGR_FEATEXC-1_LLM-0;log_2016-2022_clean_5_eventi_LAVORI_P_1_I.csv;;0.1218342976422389
regression_XGR_FEATEXC-1_LLM-0;log_2016-2022_clean_5_eventi_LAVORI_P_1_B.csv;;0.1185264796473342
regression_XGR_FEATEXC-1_LLM-0;log_2016-2022_clean_5_eventi_FORNITURE_P_3_F.csv;;0.1532083752560303
regression_XGR_FEATEXC-1_LLM-0;log_2016-2022_clean_5_eventi_FORNITURE_P_1_I.csv;;0.1379444520552431
regression_XGR_FEATEXC-1_LLM-0;log_2016-2022_clean_5_eventi_SERVIZI_P_3_I.csv;;0.155046258766117
regression_XGR_FEATEXC-1_LLM-0;log_2016-2022_clean_5_eventi_FORNITURE_P_3_I.csv;;0.1507988192351545
regression_XGR_FEATEXC-1_LLM-0;log_2016-2022_clean_5_eventi_FORNITURE_P_3_B.csv;;0.1713984245031233
regression_XGR_FEATEXC-1_LLM-0;log_2016-2022_clean_5_eventi_SERVIZI_P_3_B.csv;;0.1526659457613896
regression_XGR_FEATEXC-1_LLM-0;log_2016-2022_clean_5_eventi_FORNITURE_P_1_F.csv;;0.1577070171585866
regression_XGR_FEATEXC-1_LLM-0;log_2016-2022_clean_5_eventi_FORNITURE_P_1_B.csv;;0.1530868799343199
regression_XGR_FEATEXC-1_LLM-0;log_2016-2022_clean_5_eventi_SERVIZI_P_3_F.csv;;0.1017531703754305
regression_XGR_FEATEXC-1_LLM-0;log_2016-2022_clean_5_eventi_SERVIZI_P_1_I.csv;;0.1781908133044325
regression_XGR_FEATEXC-1_LLM-0;log_2016-2022_clean_5_eventi_SERVIZI_P_1_F.csv;;0.2103800836559363
regression_XGR_FEATEXC-1_LLM-0;log_2016-2022_clean_5_eventi_SERVIZI_P_1_B.csv;;0.1139154489987581
